deal_id,lead_id,deal_created_at,agent_id,value,status
55812,54232,2019-01-11T15:54:16.000Z,5,10000,lost
58320,55465,2019-01-23T17:35:26.000Z,3,10000,lost
57681,56028,2019-01-21T09:48:42.000Z,3,10000,lost
59949,59084,2019-01-31T08:47:49.000Z,3,10000,lost
61072,56369,2019-02-05T18:08:12.000Z,5,10000,lost
63619,61213,2019-02-18T18:21:20.000Z,5,10000,lost
60913,58517,2019-02-05T09:54:27.000Z,3,10000,lost
65427,61275,2019-02-25T10:07:40.000Z,5,3000,lost
63517,62114,2019-02-18T12:56:55.000Z,5,10000,lost
57127,56650,2019-01-17T17:09:16.000Z,1,10000,lost
57076,56108,2019-01-17T13:38:11.000Z,3,10000,lost
55843,54807,2019-01-11T19:05:58.000Z,2,10000,lost
62158,60351,2019-02-11T14:48:49.000Z,2,10000,lost
60328,57873,2019-02-01T19:48:33.000Z,5,10000,lost
58461,55978,2019-01-24T10:45:16.000Z,2,10000,lost
61269,59319,2019-02-06T13:31:13.000Z,3,10000,lost
62589,61342,2019-02-13T10:30:36.000Z,2,10000,lost
68487,61547,2019-03-09T14:06:01.000Z,5,10000,lost
59176,57183,2019-01-28T09:37:16.000Z,3,10000,lost
58765,53786,2019-01-25T17:25:51.000Z,5,10000,lost
62071,59073,2019-02-11T08:41:14.000Z,3,10000,lost
63457,62798,2019-02-18T10:12:44.000Z,5,10000,lost
56480,55535,2019-01-15T09:53:41.000Z,2,10000,lost
64582,58705,2019-02-21T14:28:58.000Z,1,10000,lost
58716,56691,2019-01-25T13:44:51.000Z,2,10000,lost
62192,59048,2019-02-11T16:49:13.000Z,1,10000,lost
56528,55211,2019-01-15T11:27:43.000Z,3,10000,lost
58761,60327,2019-01-25T17:01:53.000Z,5,10000,lost
58761,57531,2019-01-25T17:01:53.000Z,5,10000,lost
63853,63356,2019-02-19T18:47:02.000Z,2,10000,lost
61433,58009,2019-02-07T08:53:43.000Z,3,10000,lost
60818,58970,2019-02-04T17:42:49.000Z,5,10000,lost
66180,63058,2019-02-27T16:16:10.000Z,1,10000,lost
71558,58533,2019-03-22T18:13:45.000Z,3,10000,lost
60703,53878,2019-02-04T10:44:52.000Z,3,10000,lost
65494,62721,2019-02-25T13:47:18.000Z,2,10000,lost
71452,65249,2019-03-22T10:27:38.000Z,5,10000,lost
56219,54896,2019-01-14T08:09:00.000Z,3,10000,lost
63844,55391,2019-02-19T16:11:14.000Z,3,10000,lost
61518,60902,2019-02-07T14:49:01.000Z,3,10000,lost
66455,57149,2019-02-28T15:24:52.000Z,1,10000,lost
57535,54504,2019-01-20T10:29:19.000Z,2,10000,lost
58181,55621,2019-01-23T10:07:11.000Z,5,10000,lost
60044,58048,2019-01-31T15:32:07.000Z,3,10000,lost
62448,59664,2019-02-12T16:50:44.000Z,2,10000,lost
71022,62299,2019-03-20T11:44:13.000Z,3,10000,lost
62816,62223,2019-02-14T10:16:09.000Z,3,10000,lost
66059,62498,2019-02-27T10:13:33.000Z,2,10000,lost
70611,64536,2019-03-18T17:29:58.000Z,3,10000,lost
75598,55487,2019-04-09T12:48:16.000Z,3,10000,lost
58319,55465,2019-01-23T17:35:25.000Z,3,15000,lost
73073,62807,2019-03-29T09:59:19.000Z,4,10000,lost
64916,61985,2019-02-22T18:44:23.000Z,5,3000,lost
58314,57342,2019-01-23T17:22:03.000Z,2,10000,lost
67726,65930,2019-03-06T10:39:11.000Z,3,10000,lost
66337,63454,2019-02-28T09:21:50.000Z,3,10000,lost
63061,57744,2019-02-15T13:17:14.000Z,3,10000,lost
66234,61621,2019-02-27T18:43:26.000Z,3,10000,lost
71562,62665,2019-03-22T18:30:02.000Z,3,10000,lost
66842,65155,2019-03-02T11:39:25.000Z,2,10000,lost
76107,63569,2019-04-11T08:51:38.000Z,3,10000,lost
69739,65775,2019-03-14T09:51:56.000Z,3,10000,lost
74023,64793,2019-04-02T15:57:57.000Z,5,10000,lost
72940,64034,2019-03-28T16:19:13.000Z,3,10000,lost
80833,62096,2019-05-06T14:23:14.000Z,2,10000,lost
67567,62117,2019-03-05T16:52:09.000Z,2,10000,lost
71316,58104,2019-03-21T16:53:53.000Z,1,10000,lost
63005,56369,2019-02-15T09:01:52.000Z,5,10000,won
59222,54393,2019-01-28T11:48:03.000Z,5,10000,lost
76006,61850,2019-04-10T17:18:02.000Z,1,10000,lost
63830,61389,2019-02-19T14:23:39.000Z,2,10000,lost
59853,56813,2019-01-30T18:07:07.000Z,3,10000,lost
56498,55021,2019-01-15T10:26:32.000Z,3,10000,lost
57592,55787,2019-01-20T18:13:15.000Z,2,10000,lost
70891,57122,2019-03-19T18:28:42.000Z,3,10000,lost
57841,55621,2019-01-21T20:20:27.000Z,5,10000,lost
62191,60539,2019-02-11T16:47:31.000Z,4,10000,lost
66119,54923,2019-02-27T13:41:16.000Z,3,10000,lost
59964,55753,2019-01-31T09:26:23.000Z,1,0,won
61723,60700,2019-02-08T15:43:10.000Z,2,10000,lost
72830,59899,2019-03-28T10:17:59.000Z,3,10000,lost
66739,55095,2019-03-01T17:15:17.000Z,3,10000,lost
64331,60036,2019-02-20T15:56:00.000Z,2,10000,lost
63774,56325,2019-02-19T10:57:50.000Z,5,10000,lost
62585,56130,2019-02-13T10:05:36.000Z,2,10000,lost
69995,61242,2019-03-15T11:13:27.000Z,3,10000,lost
62111,54639,2019-02-11T11:00:41.000Z,3,10000,lost
57059,56108,2019-01-17T12:28:12.000Z,3,10000,lost
65810,64029,2019-02-26T13:18:43.000Z,1,10000,lost
60931,55425,2019-02-05T10:50:21.000Z,2,10000,lost
67756,58705,2019-03-06T12:32:24.000Z,1,10000,lost
56630,54592,2019-01-15T17:04:10.000Z,3,10000,lost
62497,61440,2019-02-12T19:38:05.000Z,3,10000,lost
73703,65780,2019-04-01T15:23:50.000Z,4,10000,lost
61694,60978,2019-02-08T13:47:38.000Z,2,10000,lost
60785,58994,2019-02-04T15:50:59.000Z,2,10000,lost
59782,55095,2019-01-30T13:31:34.000Z,3,10000,lost
66462,63302,2019-02-28T15:43:20.000Z,4,10000,lost
75520,57873,2019-04-09T08:43:01.000Z,5,10000,lost
66069,65407,2019-02-27T10:26:33.000Z,2,10000,lost
65953,64894,2019-02-26T20:03:19.000Z,3,10000,lost
67513,57854,2019-03-05T13:56:53.000Z,3,10000,lost
72900,63015,2019-03-28T14:05:33.000Z,2,10000,lost
68950,61599,2019-03-11T13:12:42.000Z,1,10000,lost
69324,65374,2019-03-12T15:30:25.000Z,5,10000,lost
60234,59520,2019-02-01T11:52:47.000Z,4,10000,lost
71498,64292,2019-03-22T13:51:01.000Z,2,10000,lost
77541,64963,2019-04-18T17:19:47.000Z,5,10000,lost
80975,61559,2019-05-07T07:26:33.000Z,2,10000,lost
70736,63479,2019-03-19T09:25:20.000Z,3,10000,lost
72649,55095,2019-03-27T16:59:58.000Z,3,10000,lost
78091,55335,2019-04-24T07:01:27.000Z,4,10000,lost
71920,61189,2019-03-25T09:01:04.000Z,3,10000,lost
62813,62223,2019-02-14T10:11:38.000Z,3,0,won
70114,60888,2019-03-15T20:15:33.000Z,5,10000,won
64357,61715,2019-02-20T17:54:20.000Z,3,15000,won
80030,56784,2019-05-03T10:01:29.000Z,1,10000,won
57130,56650,2019-01-17T17:11:46.000Z,1,3000,won
85051,55202,2019-05-23T14:26:12.000Z,1,10000,lost
90521,63384,2019-06-11T15:38:47.000Z,4,10000,open
80685,53920,2019-05-06T08:40:51.000Z,3,10000,lost
80983,60900,2019-05-07T07:44:41.000Z,2,10000,lost
75585,56021,2019-04-09T12:15:45.000Z,2,10000,lost
86362,55118,2019-05-28T12:22:29.000Z,4,10000,lost
77985,61322,2019-04-23T16:02:17.000Z,5,3000,lost
88428,64963,2019-06-05T14:32:49.000Z,5,15000,lost
70997,56757,2019-03-20T09:48:30.000Z,2,10000,lost
60776,59972,2019-02-04T15:30:43.000Z,2,10000,lost
58797,53786,2019-01-25T19:45:56.000Z,5,10000,lost
59173,57183,2019-01-28T09:35:22.000Z,3,10000,lost
58755,57233,2019-01-25T16:38:07.000Z,2,10000,lost
32802,53958,2018-08-13T09:50:45.000Z,2,10000,lost
62443,60695,2019-02-12T16:28:05.000Z,2,10000,lost
63788,61389,2019-02-19T11:48:23.000Z,2,10000,lost
61226,56094,2019-02-06T11:02:40.000Z,3,10000,lost
55363,54421,2019-01-09T14:56:03.000Z,1,10000,lost
67443,63205,2019-03-05T10:22:33.000Z,1,10000,lost
58053,56370,2019-01-22T17:38:23.000Z,5,10000,lost
62313,60919,2019-02-12T08:32:26.000Z,2,10000,lost
71059,66247,2019-03-20T13:42:56.000Z,3,10000,lost
57094,55938,2019-01-17T14:50:29.000Z,3,10000,lost
72088,61755,2019-03-25T17:21:41.000Z,3,10000,lost
61444,59238,2019-02-07T09:28:09.000Z,3,10000,lost
65081,63015,2019-02-23T16:51:08.000Z,2,10000,lost
62993,62239,2019-02-15T08:34:04.000Z,2,10000,lost
62110,58693,2019-02-11T10:59:16.000Z,3,10000,lost
69968,66208,2019-03-15T10:00:15.000Z,5,10000,lost
57915,54048,2019-01-22T08:31:22.000Z,5,10000,lost
65911,63889,2019-02-26T18:14:26.000Z,5,10000,lost
69957,56726,2019-03-15T09:37:42.000Z,3,10000,lost
64565,63478,2019-02-21T13:10:48.000Z,1,10000,lost
67845,65916,2019-03-06T17:19:14.000Z,3,10000,lost
60200,56282,2019-02-01T09:15:57.000Z,2,10000,lost
66074,64368,2019-02-27T10:33:42.000Z,1,10000,lost
73144,60169,2019-03-29T15:17:59.000Z,3,10000,lost
68176,66047,2019-03-07T17:48:21.000Z,2,10000,lost
57016,55846,2019-01-17T10:21:58.000Z,2,10000,lost
64644,57141,2019-02-21T17:34:24.000Z,2,10000,lost
63060,57744,2019-02-15T13:17:14.000Z,3,10000,lost
66201,63529,2019-02-27T17:15:48.000Z,3,10000,lost
76112,55399,2019-04-11T09:08:08.000Z,5,6500,lost
70816,56808,2019-03-19T14:11:33.000Z,3,10000,lost
58746,55778,2019-01-25T15:54:43.000Z,1,10000,lost
73587,61322,2019-04-01T09:48:43.000Z,5,10000,lost
78089,55335,2019-04-24T07:01:26.000Z,4,10000,lost
69196,58023,2019-03-12T09:31:27.000Z,1,10000,lost
64112,63230,2019-02-20T08:40:27.000Z,2,10000,lost
62564,61446,2019-02-13T08:33:13.000Z,1,10000,lost
71466,54254,2019-03-22T11:19:13.000Z,3,10000,lost
63452,56651,2019-02-18T10:06:10.000Z,3,10000,lost
68128,65612,2019-03-07T15:42:44.000Z,2,10000,lost
67838,64858,2019-03-06T17:04:45.000Z,5,10000,lost
58192,56605,2019-01-23T10:52:13.000Z,3,10000,lost
56218,54896,2019-01-14T08:08:33.000Z,3,10000,lost
56537,54917,2019-01-15T11:53:04.000Z,2,10000,lost
59670,54393,2019-01-30T07:30:40.000Z,5,10000,lost
62334,60919,2019-02-12T09:52:34.000Z,2,10000,lost
80777,63008,2019-05-06T11:52:19.000Z,2,10000,lost
60091,55061,2019-01-31T17:37:23.000Z,2,10000,lost
72864,63068,2019-03-28T11:26:23.000Z,3,10000,lost
51475,56764,2018-12-11T17:45:52.000Z,1,10000,lost
58003,57159,2019-01-22T14:33:58.000Z,3,10000,lost
58161,56444,2019-01-23T09:25:53.000Z,3,10000,lost
63111,60817,2019-02-15T18:41:53.000Z,5,10000,lost
79906,65835,2019-05-02T16:47:07.000Z,5,10000,lost
64747,63015,2019-02-22T08:35:18.000Z,2,10000,lost
70780,60599,2019-03-19T11:47:26.000Z,4,10000,lost
70548,57141,2019-03-18T13:58:41.000Z,2,10000,lost
66172,60133,2019-02-27T15:48:23.000Z,3,10000,lost
79332,62225,2019-04-30T10:27:26.000Z,2,10000,lost
67820,62724,2019-03-06T16:21:30.000Z,3,10000,lost
56481,55535,2019-01-15T09:53:59.000Z,2,10000,lost
57781,55621,2019-01-21T15:58:06.000Z,5,10000,lost
61478,59664,2019-02-07T11:46:31.000Z,2,10000,lost
64619,60629,2019-02-21T16:09:47.000Z,2,10000,lost
66243,61547,2019-02-27T19:23:39.000Z,5,10000,lost
67997,62991,2019-03-07T10:15:54.000Z,2,10000,lost
59854,56813,2019-01-30T18:08:17.000Z,3,10000,lost
60323,53786,2019-02-01T19:33:36.000Z,5,10000,lost
57115,54299,2019-01-17T16:00:33.000Z,1,10000,lost
56508,54976,2019-01-15T10:51:38.000Z,3,10000,lost
59995,54536,2019-01-31T11:39:46.000Z,5,10000,lost
61413,62664,2019-02-07T05:57:18.000Z,1,10000,lost
60916,58517,2019-02-05T10:03:19.000Z,3,10000,lost
58167,57164,2019-01-23T09:35:40.000Z,3,10000,lost
57591,55787,2019-01-20T18:13:14.000Z,2,10000,lost
55844,54807,2019-01-11T19:05:59.000Z,2,10000,lost
59434,58334,2019-01-29T08:59:46.000Z,3,10000,lost
59742,55370,2019-01-30T11:46:24.000Z,3,10000,lost
62485,55557,2019-02-12T18:34:53.000Z,3,10000,lost
59772,56282,2019-01-30T13:10:30.000Z,2,10000,lost
69553,54068,2019-03-13T14:47:03.000Z,4,10000,lost
69746,65892,2019-03-14T10:19:04.000Z,3,10000,lost
59576,57162,2019-01-29T17:19:48.000Z,5,10000,lost
56798,54807,2019-01-16T11:01:22.000Z,2,10000,lost
65806,64029,2019-02-26T13:10:06.000Z,1,10000,lost
61855,56757,2019-02-09T16:10:26.000Z,2,10000,lost
62185,59424,2019-02-11T16:41:39.000Z,5,10000,lost
58792,57777,2019-01-25T19:27:01.000Z,3,10000,lost
62398,57767,2019-02-12T13:32:04.000Z,1,10000,lost
60087,59002,2019-01-31T17:32:22.000Z,5,10000,lost
65523,58620,2019-02-25T15:33:41.000Z,1,10000,lost
59530,55549,2019-01-29T14:11:37.000Z,2,10000,lost
63653,62829,2019-02-18T20:12:03.000Z,3,10000,lost
66177,61600,2019-02-27T16:07:09.000Z,3,10000,lost
61341,54310,2019-02-06T17:45:19.000Z,3,10000,lost
75683,64793,2019-04-09T17:08:23.000Z,5,10000,lost
63519,62114,2019-02-18T13:01:13.000Z,5,10000,lost
66640,56309,2019-03-01T09:55:14.000Z,1,10000,lost
61340,57220,2019-02-06T17:32:11.000Z,3,10000,lost
60215,58193,2019-02-01T10:31:21.000Z,3,10000,lost
65042,59843,2019-02-23T12:52:24.000Z,2,10000,lost
66168,65804,2019-02-27T15:39:31.000Z,3,10000,lost
62188,59424,2019-02-11T16:42:40.000Z,1,10000,lost
66869,60025,2019-03-02T14:53:20.000Z,2,10000,lost
61070,59696,2019-02-05T18:05:37.000Z,5,10000,lost
66336,63454,2019-02-28T09:21:00.000Z,3,10000,lost
59822,56591,2019-01-30T16:34:24.000Z,3,10000,lost
63053,56685,2019-02-15T13:00:26.000Z,2,10000,lost
73714,65675,2019-04-01T15:47:05.000Z,4,15000,lost
57798,57275,2019-01-21T16:36:21.000Z,5,10000,lost
67790,64292,2019-03-06T14:07:05.000Z,2,10000,lost
65512,63663,2019-02-25T14:28:54.000Z,3,3000,lost
66684,64700,2019-03-01T13:05:30.000Z,5,10000,lost
67595,59112,2019-03-05T18:11:23.000Z,3,10000,lost
74155,56284,2019-04-03T08:31:33.000Z,3,10000,lost
74291,64575,2019-04-03T14:29:15.000Z,3,10000,lost
73617,64793,2019-04-01T11:18:26.000Z,5,10000,lost
79923,62687,2019-05-02T17:32:12.000Z,3,10000,lost
57536,54504,2019-01-20T10:33:21.000Z,2,10000,lost
56509,54976,2019-01-15T10:54:36.000Z,3,10000,lost
73153,60491,2019-03-29T15:46:13.000Z,2,10000,lost
66760,63272,2019-03-01T19:04:45.000Z,5,10000,won
77529,63272,2019-04-18T16:20:48.000Z,5,3000,lost
62100,58032,2019-02-11T10:07:38.000Z,3,10000,lost
66057,62498,2019-02-27T10:13:14.000Z,2,10000,lost
57926,55549,2019-01-22T09:28:42.000Z,2,10000,lost
60290,59507,2019-02-01T17:05:18.000Z,2,10000,lost
56629,54592,2019-01-15T17:04:09.000Z,3,10000,lost
65895,60733,2019-02-26T17:37:11.000Z,5,10000,lost
69991,65975,2019-03-15T11:04:56.000Z,3,10000,lost
63769,56325,2019-02-19T10:45:39.000Z,5,10000,lost
56549,54048,2019-01-15T12:25:37.000Z,5,10000,lost
57040,53971,2019-01-17T11:40:38.000Z,5,10000,lost
63650,62829,2019-02-18T20:11:03.000Z,3,10000,lost
56526,55211,2019-01-15T11:21:07.000Z,3,10000,lost
63099,62798,2019-02-15T17:21:24.000Z,5,10000,lost
65579,60404,2019-02-25T18:52:06.000Z,2,10000,lost
65876,63475,2019-02-26T16:18:36.000Z,3,10000,lost
61557,57307,2019-02-07T17:14:25.000Z,3,10000,lost
35045,53958,2018-08-29T14:26:56.000Z,1,10000,lost
61079,57873,2019-02-05T18:41:03.000Z,5,10000,lost
58667,53831,2019-01-25T09:29:49.000Z,3,10000,lost
67460,55978,2019-03-05T11:26:52.000Z,2,10000,lost
59208,55705,2019-01-28T11:02:38.000Z,3,10000,lost
61516,60500,2019-02-07T14:35:37.000Z,2,10000,lost
62134,60788,2019-02-11T12:34:05.000Z,5,10000,lost
64781,61574,2019-02-22T10:43:41.000Z,5,3000,lost
67422,57793,2019-03-05T09:08:56.000Z,1,10000,lost
56889,54733,2019-01-16T17:10:36.000Z,3,10000,lost
59988,59002,2019-01-31T10:59:18.000Z,5,10000,lost
65944,60727,2019-02-26T19:48:58.000Z,3,10000,lost
59992,60327,2019-01-31T11:28:26.000Z,5,10000,lost
59992,57531,2019-01-31T11:28:26.000Z,5,10000,lost
60991,59792,2019-02-05T14:00:02.000Z,3,10000,lost
62346,60738,2019-02-12T10:53:29.000Z,2,10000,lost
62899,55867,2019-02-14T16:23:24.000Z,3,10000,lost
64764,61676,2019-02-22T09:36:44.000Z,5,10000,lost
62708,61066,2019-02-13T18:35:12.000Z,5,10000,lost
62886,58193,2019-02-14T15:26:01.000Z,3,10000,lost
63645,61726,2019-02-18T19:55:08.000Z,3,10000,lost
59198,56784,2019-01-28T10:40:20.000Z,3,10000,lost
69524,66208,2019-03-13T13:09:34.000Z,5,10000,lost
59668,57005,2019-01-30T07:28:29.000Z,1,10000,lost
67730,65210,2019-03-06T10:49:05.000Z,1,10000,lost
66196,63668,2019-02-27T17:08:20.000Z,2,10000,lost
57687,54182,2019-01-21T10:14:18.000Z,1,10000,lost
67445,56325,2019-03-05T10:43:36.000Z,5,10000,lost
59306,57162,2019-01-28T16:26:21.000Z,5,10000,lost
69749,58032,2019-03-14T10:24:33.000Z,3,10000,lost
69993,61242,2019-03-15T11:09:19.000Z,3,10000,lost
79781,65835,2019-05-02T11:08:49.000Z,5,10000,lost
72763,61407,2019-03-28T07:33:29.000Z,4,10000,lost
65446,61503,2019-02-25T11:08:44.000Z,3,10000,lost
59597,53922,2019-01-29T18:27:06.000Z,2,10000,lost
67799,65506,2019-03-06T14:30:09.000Z,2,10000,lost
60090,57873,2019-01-31T17:37:16.000Z,5,10000,lost
67530,66213,2019-03-05T15:01:43.000Z,1,10000,lost
63646,61726,2019-02-18T19:56:36.000Z,3,10000,lost
62889,61360,2019-02-14T15:29:36.000Z,2,10000,lost
57952,55557,2019-01-22T10:59:28.000Z,3,10000,lost
78090,55335,2019-04-24T07:01:26.000Z,4,10000,lost
61558,57307,2019-02-07T17:14:25.000Z,3,10000,lost
58027,56067,2019-01-22T15:55:04.000Z,1,10000,lost
72759,64499,2019-03-28T07:26:06.000Z,4,10000,lost
64749,63329,2019-02-22T08:47:36.000Z,1,10000,lost
65711,64617,2019-02-26T09:24:45.000Z,2,10000,lost
68103,64157,2019-03-07T14:24:21.000Z,2,10000,lost
59851,56813,2019-01-30T18:05:05.000Z,3,10000,lost
57537,56680,2019-01-20T10:41:43.000Z,2,10000,lost
72613,62807,2019-03-27T15:34:01.000Z,4,10000,lost
72046,65930,2019-03-25T15:16:40.000Z,3,10000,lost
58171,56021,2019-01-23T09:43:19.000Z,2,10000,lost
71087,65068,2019-03-20T15:28:49.000Z,2,10000,lost
56569,54576,2019-01-15T13:36:33.000Z,5,10000,lost
58012,54782,2019-01-22T15:16:35.000Z,2,10000,lost
64786,59602,2019-02-22T11:11:05.000Z,2,10000,lost
70890,57122,2019-03-19T18:28:10.000Z,3,10000,lost
59265,55074,2019-01-28T13:55:55.000Z,3,10000,lost
58154,56992,2019-01-23T09:06:10.000Z,2,10000,lost
71337,60057,2019-03-21T18:46:13.000Z,5,10000,lost
62709,60788,2019-02-13T18:42:08.000Z,5,10000,lost
65378,62460,2019-02-25T07:28:09.000Z,1,10000,lost
66178,61600,2019-02-27T16:07:10.000Z,3,10000,lost
67732,62830,2019-03-06T11:04:47.000Z,1,10000,lost
59948,59084,2019-01-31T08:41:39.000Z,3,10000,lost
62833,55135,2019-02-14T11:34:04.000Z,3,10000,lost
64853,59664,2019-02-22T14:48:52.000Z,2,10000,lost
66849,61485,2019-03-02T12:30:40.000Z,3,10000,lost
57081,56239,2019-01-17T13:47:25.000Z,3,10000,lost
63040,56369,2019-02-15T10:45:08.000Z,5,10000,lost
70610,64536,2019-03-18T17:29:57.000Z,3,10000,lost
55365,54421,2019-01-09T14:56:37.000Z,1,10000,lost
62447,61809,2019-02-12T16:49:14.000Z,2,10000,lost
73622,61328,2019-04-01T11:33:12.000Z,3,10000,lost
73172,64963,2019-03-29T16:28:32.000Z,5,10000,lost
62130,60788,2019-02-11T12:29:32.000Z,5,10000,lost
71473,65811,2019-03-22T11:41:19.000Z,3,10000,lost
58033,60969,2019-01-22T16:21:27.000Z,1,10000,lost
58033,53797,2019-01-22T16:21:27.000Z,1,10000,lost
62703,54393,2019-02-13T18:19:14.000Z,5,10000,lost
68064,66067,2019-03-07T12:47:08.000Z,2,10000,lost
58745,55778,2019-01-25T15:54:16.000Z,1,10000,lost
63574,61544,2019-02-18T16:21:03.000Z,5,10000,lost
72834,59899,2019-03-28T10:28:25.000Z,3,10000,lost
68178,61322,2019-03-07T18:02:26.000Z,5,10000,lost
73623,61328,2019-04-01T11:33:12.000Z,3,10000,lost
65543,61360,2019-02-25T16:47:16.000Z,2,10000,lost
66064,63247,2019-02-27T10:19:22.000Z,5,10000,lost
66212,64651,2019-02-27T17:39:23.000Z,3,10000,lost
70612,64536,2019-03-18T17:29:59.000Z,3,10000,lost
57030,56028,2019-01-17T11:12:03.000Z,3,10000,lost
58715,56691,2019-01-25T13:44:50.000Z,2,10000,lost
56550,55274,2019-01-15T12:26:45.000Z,3,10000,lost
72857,60133,2019-03-28T11:15:38.000Z,3,10000,lost
72306,65150,2019-03-26T13:33:49.000Z,3,10000,lost
77227,64508,2019-04-17T07:41:42.000Z,5,10000,lost
58737,56045,2019-01-25T14:56:57.000Z,2,10000,lost
67412,64352,2019-03-05T08:08:12.000Z,1,10000,lost
71018,56808,2019-03-20T11:14:34.000Z,3,10000,lost
72650,55095,2019-03-27T16:59:58.000Z,3,10000,lost
80818,63931,2019-05-06T13:39:14.000Z,1,10000,lost
67596,59112,2019-03-05T18:11:24.000Z,3,10000,lost
62710,61066,2019-02-13T18:47:20.000Z,5,10000,lost
65833,59866,2019-02-26T14:09:19.000Z,3,10000,lost
76819,59890,2019-04-15T08:55:15.000Z,5,10000,lost
70734,63479,2019-03-19T09:19:37.000Z,3,10000,lost
78357,59849,2019-04-25T09:23:03.000Z,4,10000,lost
63055,56685,2019-02-15T13:04:09.000Z,2,10000,lost
78197,53783,2019-04-24T14:59:06.000Z,5,6500,lost
72794,61795,2019-03-28T09:03:48.000Z,3,10000,lost
67240,59842,2019-03-04T13:04:14.000Z,1,10000,lost
66202,63529,2019-02-27T17:18:57.000Z,3,10000,lost
65568,60289,2019-02-25T17:45:03.000Z,3,10000,lost
67577,60629,2019-03-05T17:18:32.000Z,2,10000,lost
78004,62772,2019-04-23T17:20:38.000Z,5,6500,lost
80722,59972,2019-05-06T10:12:57.000Z,2,10000,lost
65527,58405,2019-02-25T15:48:43.000Z,5,3000,won
72780,65068,2019-03-28T08:19:31.000Z,2,10000,lost
69205,63529,2019-03-12T10:00:49.000Z,2,10000,lost
72760,64499,2019-03-28T07:26:36.000Z,4,10000,lost
56346,53955,2019-01-14T16:57:33.000Z,5,1800,won
77906,58583,2019-04-23T09:33:26.000Z,3,10000,lost
56329,55243,2019-01-14T15:53:51.000Z,3,10000,lost
56628,54592,2019-01-15T17:04:09.000Z,2,10000,lost
58040,57166,2019-01-22T16:34:21.000Z,2,10000,lost
60310,58970,2019-02-01T19:00:11.000Z,5,10000,lost
60824,57083,2019-02-04T18:20:12.000Z,3,10000,lost
66246,61547,2019-02-27T19:28:58.000Z,5,10000,lost
62435,61036,2019-02-12T16:07:51.000Z,2,10000,lost
62085,58032,2019-02-11T09:27:43.000Z,3,10000,lost
62197,56254,2019-02-11T16:58:20.000Z,1,10000,lost
67553,65569,2019-03-05T16:03:56.000Z,1,10000,lost
63044,62408,2019-02-15T11:20:09.000Z,3,10000,lost
59820,56591,2019-01-30T16:32:09.000Z,3,10000,lost
62706,61275,2019-02-13T18:27:38.000Z,5,10000,lost
62610,60700,2019-02-13T11:46:41.000Z,2,10000,lost
61724,60700,2019-02-08T15:43:11.000Z,2,10000,lost
63062,57744,2019-02-15T13:17:15.000Z,3,10000,lost
58153,56992,2019-01-23T09:05:46.000Z,2,10000,lost
55752,54048,2019-01-11T11:36:57.000Z,5,10000,lost
63037,58877,2019-02-15T10:37:57.000Z,3,10000,lost
57020,55688,2019-01-17T10:30:48.000Z,3,10000,lost
69041,62117,2019-03-11T16:56:41.000Z,2,10000,lost
64356,61715,2019-02-20T17:54:19.000Z,3,10000,lost
65562,63928,2019-02-25T17:31:23.000Z,3,10000,lost
67798,62242,2019-03-06T14:24:23.000Z,3,10000,lost
66216,63137,2019-02-27T17:43:51.000Z,5,10000,lost
56487,54978,2019-01-15T10:05:02.000Z,1,10000,lost
67846,65916,2019-03-06T17:19:15.000Z,3,10000,lost
56234,55535,2019-01-14T09:20:47.000Z,2,10000,lost
65857,59661,2019-02-26T15:27:31.000Z,2,10000,lost
58756,57233,2019-01-25T16:38:08.000Z,2,10000,lost
74134,63087,2019-04-03T07:43:13.000Z,3,10000,lost
78590,65694,2019-04-26T08:59:35.000Z,5,10000,lost
74028,61985,2019-04-02T16:08:15.000Z,5,3000,lost
74035,65624,2019-04-02T16:32:37.000Z,4,10000,lost
62640,59593,2019-02-13T13:45:32.000Z,3,10000,lost
63045,62408,2019-02-15T11:20:29.000Z,3,10000,lost
61536,56051,2019-02-07T15:53:18.000Z,3,10000,lost
67588,62117,2019-03-05T17:49:54.000Z,2,10000,lost
70841,65111,2019-03-19T15:59:47.000Z,4,10000,lost
63651,62829,2019-02-18T20:11:28.000Z,3,10000,lost
49524,53958,2018-11-29T15:34:12.000Z,1,10000,lost
80065,64260,2019-05-03T12:30:55.000Z,3,10000,lost
37238,53958,2018-09-13T14:58:16.000Z,1,10000,lost
67429,64157,2019-03-05T09:40:51.000Z,2,10000,lost
67512,64292,2019-03-05T13:52:10.000Z,2,10000,lost
68159,66047,2019-03-07T16:49:50.000Z,2,10000,lost
72768,61228,2019-03-28T08:07:01.000Z,4,10000,lost
66060,63527,2019-02-27T10:13:51.000Z,5,10000,lost
81883,63087,2019-05-10T13:39:59.000Z,3,10000,open
75605,65835,2019-04-09T13:07:33.000Z,5,10000,lost
62551,61342,2019-02-13T07:12:37.000Z,2,10000,won
63000,53840,2019-02-15T08:38:51.000Z,3,10000,lost
79717,64774,2019-05-02T08:13:11.000Z,3,10000,lost
81648,58236,2019-05-09T14:05:03.000Z,1,10000,lost
57710,55938,2019-01-21T11:19:47.000Z,5,10000,lost
66407,60351,2019-02-28T13:05:25.000Z,2,10000,lost
67800,65506,2019-03-06T14:31:00.000Z,2,10000,lost
57035,56028,2019-01-17T11:18:10.000Z,3,10000,lost
50673,53958,2018-12-06T14:10:06.000Z,1,10000,lost
57042,55487,2019-01-17T11:42:52.000Z,3,10000,lost
58760,60327,2019-01-25T16:48:26.000Z,5,10000,lost
58760,57531,2019-01-25T16:48:26.000Z,5,10000,lost
62912,62224,2019-02-14T17:32:21.000Z,2,10000,lost
59179,55919,2019-01-28T09:45:10.000Z,1,10000,lost
61501,57835,2019-02-07T13:40:36.000Z,2,10000,lost
59667,58247,2019-01-30T07:28:03.000Z,5,10000,lost
72010,66208,2019-03-25T13:39:38.000Z,5,10000,lost
62904,55118,2019-02-14T16:40:26.000Z,1,10000,lost
56462,54242,2019-01-15T08:34:51.000Z,3,10000,lost
59778,58416,2019-01-30T13:24:25.000Z,2,10000,lost
62685,59866,2019-02-13T16:50:51.000Z,3,10000,lost
57787,56660,2019-01-21T16:04:34.000Z,1,10000,lost
67789,64292,2019-03-06T14:06:44.000Z,2,10000,lost
64558,59002,2019-02-21T12:49:48.000Z,5,3000,lost
64863,61886,2019-02-22T15:27:13.000Z,1,10000,lost
65463,63690,2019-02-25T11:49:27.000Z,3,10000,lost
56763,54536,2019-01-16T09:18:01.000Z,5,10000,lost
57100,56181,2019-01-17T15:13:50.000Z,3,10000,lost
57822,55021,2019-01-21T18:38:15.000Z,3,10000,lost
60812,60327,2019-02-04T17:02:41.000Z,5,10000,lost
60812,57531,2019-02-04T17:02:41.000Z,5,10000,lost
64919,63272,2019-02-22T18:50:49.000Z,5,10000,lost
62572,58265,2019-02-13T08:46:08.000Z,1,10000,lost
66487,63200,2019-02-28T16:42:38.000Z,1,10000,lost
67423,57793,2019-03-05T09:09:39.000Z,1,10000,lost
61090,60253,2019-02-05T19:07:35.000Z,3,10000,lost
69977,62102,2019-03-15T10:24:41.000Z,4,10000,lost
55368,54048,2019-01-09T15:02:55.000Z,5,10000,lost
58180,55897,2019-01-23T10:04:40.000Z,5,10000,lost
56868,55978,2019-01-16T15:31:26.000Z,2,10000,lost
65495,62721,2019-02-25T13:47:19.000Z,2,10000,lost
64917,61985,2019-02-22T18:44:44.000Z,5,3000,lost
62132,60788,2019-02-11T12:30:32.000Z,5,10000,lost
57332,56404,2019-01-18T19:01:02.000Z,3,10000,lost
63845,59941,2019-02-19T16:12:40.000Z,3,10000,lost
61754,58970,2019-02-08T20:49:19.000Z,5,10000,lost
60990,59792,2019-02-05T13:57:26.000Z,3,10000,lost
75722,62687,2019-04-09T19:13:02.000Z,3,10000,lost
55017,54656,2019-01-08T09:52:42.000Z,2,10000,lost
69987,61296,2019-03-15T10:50:13.000Z,4,10000,lost
58013,54782,2019-01-22T15:16:36.000Z,2,10000,lost
60088,59002,2019-01-31T17:35:42.000Z,5,10000,lost
67859,63445,2019-03-06T18:11:27.000Z,5,10000,lost
63039,58877,2019-02-15T10:43:35.000Z,3,10000,lost
56829,54368,2019-01-16T13:32:52.000Z,3,10000,lost
66130,59475,2019-02-27T14:17:02.000Z,3,10000,lost
57019,55688,2019-01-17T10:29:31.000Z,3,10000,lost
63851,62467,2019-02-19T17:46:49.000Z,2,10000,lost
57126,56650,2019-01-17T17:08:05.000Z,1,10000,lost
69964,56764,2019-03-15T09:58:36.000Z,4,10000,lost
66218,60817,2019-02-27T17:45:12.000Z,5,15000,lost
66065,64731,2019-02-27T10:19:22.000Z,4,10000,lost
58744,56417,2019-01-25T15:42:55.000Z,1,10000,lost
62590,61934,2019-02-13T10:38:58.000Z,2,10000,lost
69460,62460,2019-03-13T08:53:13.000Z,4,10000,lost
60235,59216,2019-02-01T11:53:51.000Z,2,3000,won
69862,56325,2019-03-14T17:25:08.000Z,5,10000,lost
64610,63095,2019-02-21T15:44:13.000Z,2,10000,lost
72853,64774,2019-03-28T11:04:12.000Z,3,10000,lost
65567,60289,2019-02-25T17:45:02.000Z,3,10000,lost
62462,61905,2019-02-12T17:34:29.000Z,3,10000,lost
72486,62024,2019-03-27T08:37:44.000Z,4,6500,lost
75945,57291,2019-04-10T14:59:50.000Z,2,10000,lost
56485,54978,2019-01-15T10:04:26.000Z,1,10000,lost
66733,62445,2019-03-01T17:04:25.000Z,3,10000,lost
72118,62114,2019-03-25T19:03:26.000Z,5,15000,lost
75967,64385,2019-04-10T15:50:12.000Z,3,10000,lost
66702,62905,2019-03-01T14:36:52.000Z,2,10000,lost
63581,57162,2019-02-18T16:36:01.000Z,5,10000,lost
81573,63486,2019-05-09T09:51:11.000Z,5,10000,lost
79144,63431,2019-04-29T14:40:17.000Z,2,10000,lost
57667,55927,2019-01-21T08:40:06.000Z,2,10000,lost
63013,56884,2019-02-15T09:35:38.000Z,3,10000,lost
63640,62441,2019-02-18T19:28:12.000Z,2,10000,lost
64569,62991,2019-02-21T13:17:02.000Z,2,10000,lost
56780,54261,2019-01-16T09:56:48.000Z,3,10000,lost
65952,64894,2019-02-26T20:03:04.000Z,3,10000,lost
70499,65939,2019-03-18T10:13:08.000Z,5,10000,lost
67757,58705,2019-03-06T12:32:25.000Z,1,10000,lost
60972,59642,2019-02-05T13:25:08.000Z,3,10000,lost
60980,55623,2019-02-05T13:45:26.000Z,2,10000,lost
67719,63302,2019-03-06T09:51:05.000Z,1,10000,lost
61073,57691,2019-02-05T18:09:56.000Z,5,10000,lost
61266,59319,2019-02-06T13:28:03.000Z,3,10000,lost
50603,60253,2018-12-06T09:51:53.000Z,2,10000,lost
62436,61036,2019-02-12T16:09:51.000Z,2,10000,lost
62195,58265,2019-02-11T16:53:39.000Z,1,10000,lost
62190,60539,2019-02-11T16:46:51.000Z,1,10000,lost
58004,56768,2019-01-22T14:47:54.000Z,1,10000,lost
75367,65728,2019-04-08T15:53:05.000Z,3,10000,open
58699,57986,2019-01-25T12:09:27.000Z,2,10000,lost
62452,61809,2019-02-12T16:57:30.000Z,2,10000,lost
60947,57290,2019-02-05T11:49:48.000Z,2,10000,lost
58007,56688,2019-01-22T15:00:41.000Z,1,10000,lost
62182,60222,2019-02-11T16:24:40.000Z,1,10000,lost
55646,54232,2019-01-10T18:34:13.000Z,5,10000,lost
61305,54592,2019-02-06T15:22:10.000Z,3,10000,lost
67803,63058,2019-03-06T14:46:17.000Z,1,10000,lost
75678,59890,2019-04-09T16:51:51.000Z,5,10000,lost
70027,65939,2019-03-15T13:53:00.000Z,5,10000,lost
66501,61985,2019-02-28T17:27:46.000Z,5,3000,lost
56779,54261,2019-01-16T09:56:47.000Z,3,10000,lost
74481,65208,2019-04-04T10:42:02.000Z,2,10000,lost
63451,56651,2019-02-18T10:06:10.000Z,3,10000,lost
61443,59238,2019-02-07T09:27:51.000Z,3,10000,lost
65710,64617,2019-02-26T09:24:14.000Z,2,10000,lost
75497,62024,2019-04-09T07:40:39.000Z,4,6500,lost
78135,63486,2019-04-24T09:56:06.000Z,5,10000,lost
65862,63889,2019-02-26T15:46:55.000Z,5,10000,lost
55604,55448,2019-01-10T15:32:02.000Z,2,10000,lost
60213,54639,2019-02-01T10:29:37.000Z,3,10000,lost
66450,62194,2019-02-28T15:03:36.000Z,3,10000,lost
60987,59792,2019-02-05T13:55:11.000Z,3,10000,lost
65618,62194,2019-02-25T20:22:44.000Z,3,10000,lost
72087,61755,2019-03-25T17:21:40.000Z,3,10000,lost
57304,54869,2019-01-18T16:30:36.000Z,3,10000,lost
57993,54299,2019-01-22T13:53:06.000Z,1,2000,won
62715,61544,2019-02-13T19:00:59.000Z,5,3000,lost
66142,60784,2019-02-27T14:40:23.000Z,3,10000,lost
69211,61322,2019-03-12T10:11:15.000Z,5,3000,lost
71475,65208,2019-03-22T11:55:33.000Z,3,10000,lost
66845,56673,2019-03-02T12:20:00.000Z,3,10000,lost
82353,63454,2019-05-13T15:28:28.000Z,3,10000,lost
54346,53955,2019-01-04T12:26:15.000Z,5,10000,lost
58282,56591,2019-01-23T16:02:42.000Z,5,10000,lost
64346,61213,2019-02-20T16:58:10.000Z,5,10000,lost
56834,54368,2019-01-16T13:37:48.000Z,3,10000,lost
60331,59002,2019-02-01T19:51:27.000Z,5,10000,lost
60189,54927,2019-02-01T08:26:30.000Z,3,10000,lost
64611,63095,2019-02-21T15:44:52.000Z,2,10000,lost
65564,61885,2019-02-25T17:43:08.000Z,2,10000,lost
67837,64858,2019-03-06T17:03:23.000Z,5,10000,lost
55847,55384,2019-01-11T19:22:31.000Z,3,10000,lost
69502,65930,2019-03-13T11:46:23.000Z,3,10000,lost
61660,53878,2019-02-08T11:14:22.000Z,3,10000,lost
57300,55837,2019-01-18T16:04:54.000Z,3,10000,lost
65615,61958,2019-02-25T20:12:41.000Z,3,10000,lost
65615,65803,2019-02-25T20:12:41.000Z,3,10000,lost
69069,61322,2019-03-11T18:26:39.000Z,5,10000,lost
56328,55243,2019-01-14T15:45:01.000Z,3,10000,lost
63120,62091,2019-02-15T19:02:31.000Z,3,10000,lost
58168,57164,2019-01-23T09:36:28.000Z,3,10000,lost
69036,55978,2019-03-11T16:42:32.000Z,2,10000,lost
55589,54242,2019-01-10T14:30:39.000Z,3,10000,lost
62439,56450,2019-02-12T16:14:47.000Z,2,10000,lost
64868,59340,2019-02-22T15:51:17.000Z,3,10000,lost
62707,58405,2019-02-13T18:33:01.000Z,5,10000,lost
65898,60733,2019-02-26T17:42:59.000Z,5,10000,lost
68010,62991,2019-03-07T10:46:26.000Z,2,10000,lost
64785,63377,2019-02-22T11:06:00.000Z,2,10000,lost
62712,60888,2019-02-13T18:52:51.000Z,5,10000,lost
71979,60919,2019-03-25T11:31:21.000Z,2,10000,lost
71987,65360,2019-03-25T12:15:31.000Z,2,10000,lost
60066,58048,2019-01-31T16:18:31.000Z,3,10000,lost
63847,54393,2019-02-19T16:37:26.000Z,5,10000,lost
70889,57122,2019-03-19T18:26:15.000Z,3,10000,lost
65490,60734,2019-02-25T13:38:10.000Z,4,10000,lost
62984,58227,2019-02-15T07:38:49.000Z,3,10000,lost
57312,55923,2019-01-18T17:03:22.000Z,3,10000,lost
71442,66208,2019-03-22T09:48:28.000Z,5,10000,lost
60905,56809,2019-02-05T08:50:44.000Z,2,10000,lost
69956,56726,2019-03-15T09:36:50.000Z,3,10000,lost
59532,58247,2019-01-29T14:18:14.000Z,5,1200,won
74183,66247,2019-04-03T09:30:27.000Z,3,10000,lost
56895,55776,2019-01-16T17:31:41.000Z,2,10000,lost
74288,65068,2019-04-03T14:24:34.000Z,2,10000,lost
80834,62096,2019-05-06T14:24:12.000Z,2,10000,lost
62311,61935,2019-02-12T08:11:44.000Z,2,10000,lost
69992,56591,2019-03-15T11:05:30.000Z,4,10000,lost
73154,60491,2019-03-29T15:46:14.000Z,2,10000,lost
56828,54411,2019-01-16T13:26:31.000Z,3,10000,lost
82569,65029,2019-05-14T10:55:59.000Z,3,10000,lost
72074,64536,2019-03-25T16:49:43.000Z,3,10000,open
64211,63356,2019-02-20T11:08:26.000Z,2,2000,won
73155,60491,2019-03-29T15:46:14.000Z,2,10000,lost
61233,55896,2019-02-06T11:41:38.000Z,2,3000,won
76447,65031,2019-04-12T16:10:24.000Z,5,10000,lost
82219,63087,2019-05-13T07:09:40.000Z,3,10000,lost
80817,59421,2019-05-06T13:37:58.000Z,5,10000,lost
78705,59371,2019-04-26T17:53:29.000Z,3,10000,open
87897,65192,2019-06-04T10:00:43.000Z,5,15000,lost
88002,60397,2019-06-04T14:11:00.000Z,4,10000,lost
60912,56992,2019-02-05T09:46:06.000Z,2,10000,won
61432,58009,2019-02-07T08:51:28.000Z,3,10000,won
61319,56967,2019-02-06T15:52:54.000Z,2,10000,lost
62461,61905,2019-02-12T17:34:28.000Z,3,10000,won
71131,65376,2019-03-20T18:08:19.000Z,3,10000,open
62070,59073,2019-02-11T08:41:14.000Z,3,10000,lost
66870,60025,2019-03-02T14:53:21.000Z,2,15000,won
88440,62096,2019-06-05T14:46:52.000Z,2,10000,lost
72061,62807,2019-03-25T16:11:06.000Z,4,15000,won
70043,63663,2019-03-15T14:46:22.000Z,3,3000,won
90520,63384,2019-06-11T15:38:46.000Z,4,10000,lost
71988,65360,2019-03-25T12:15:31.000Z,2,10000,won
55641,55071,2019-01-10T18:23:37.000Z,3,10000,won
62424,59064,2019-02-12T15:34:11.000Z,2,10000,won
64852,59664,2019-02-22T14:48:51.000Z,2,6000,won
86727,56675,2019-05-29T13:02:43.000Z,3,10000,open
67265,65272,2019-03-04T14:51:17.000Z,2,10000,lost
67781,63397,2019-03-06T13:48:30.000Z,2,10000,won
64322,62239,2019-02-20T15:18:42.000Z,2,10000,won
67703,59048,2019-03-06T08:59:11.000Z,1,3000,won
59760,55897,2019-01-30T12:37:54.000Z,5,10000,lost
67568,62117,2019-03-05T16:52:45.000Z,2,10000,lost
69731,65939,2019-03-14T09:05:58.000Z,5,10000,lost
61851,53922,2019-02-09T15:42:56.000Z,2,10000,lost
73042,64508,2019-03-29T08:45:39.000Z,5,10000,lost
61007,55896,2019-02-05T14:51:41.000Z,2,10000,lost
63035,60695,2019-02-15T10:28:47.000Z,2,10000,lost
71312,65973,2019-03-21T16:35:17.000Z,1,10000,lost
68099,66067,2019-03-07T14:13:33.000Z,2,10000,lost
59534,58247,2019-01-29T14:23:54.000Z,5,10000,lost
68058,63365,2019-03-07T12:29:38.000Z,1,10000,lost
60076,58048,2019-01-31T16:37:31.000Z,3,10000,lost
62404,61088,2019-02-12T13:57:01.000Z,1,6500,lost
70769,65939,2019-03-19T11:22:56.000Z,5,10000,lost
61464,59610,2019-02-07T10:54:17.000Z,3,10000,lost
69778,65029,2019-03-14T11:58:57.000Z,3,10000,lost
62444,61809,2019-02-12T16:28:17.000Z,2,10000,lost
69525,65172,2019-03-13T13:11:32.000Z,5,10000,lost
62650,59593,2019-02-13T14:05:47.000Z,3,10000,lost
64574,55425,2019-02-21T13:44:58.000Z,2,10000,lost
79289,60374,2019-04-30T07:21:38.000Z,4,15000,lost
65557,62657,2019-02-25T17:23:28.000Z,3,10000,lost
67745,56130,2019-03-06T11:52:12.000Z,2,10000,lost
66076,62732,2019-02-27T10:42:56.000Z,1,10000,lost
78655,57854,2019-04-26T14:21:20.000Z,4,10000,lost
59701,55448,2019-01-30T10:02:22.000Z,2,10000,lost
71317,58104,2019-03-21T16:53:54.000Z,1,10000,lost
62078,56967,2019-02-11T09:07:42.000Z,2,10000,lost
71557,58533,2019-03-22T18:11:43.000Z,3,10000,lost
75949,56809,2019-04-10T15:07:29.000Z,2,10000,lost
58215,55665,2019-01-23T12:04:22.000Z,3,3900,won
81668,60379,2019-05-09T15:00:16.000Z,1,10000,lost
65764,59531,2019-02-26T11:24:52.000Z,1,10000,lost
80836,62096,2019-05-06T14:26:07.000Z,2,10000,lost
71104,64631,2019-03-20T16:11:36.000Z,2,10000,lost
81688,62102,2019-05-09T16:00:51.000Z,1,10000,lost
71443,65932,2019-03-22T09:49:43.000Z,5,10000,lost
61462,59999,2019-02-07T10:51:32.000Z,2,3000,won
82943,62224,2019-05-15T16:44:59.000Z,2,10000,lost
72073,64536,2019-03-25T16:49:43.000Z,3,10000,lost
69958,56726,2019-03-15T09:38:05.000Z,3,10000,won
86726,56675,2019-05-29T13:02:11.000Z,3,10000,lost
84589,61342,2019-05-22T07:33:18.000Z,2,10000,lost
81078,61559,2019-05-07T14:44:27.000Z,2,10000,lost
61022,57307,2019-02-05T15:30:41.000Z,3,10000,won
57299,55837,2019-01-18T16:04:53.000Z,3,10000,lost
60052,58048,2019-01-31T15:46:46.000Z,3,10000,lost
69745,65892,2019-03-14T10:19:03.000Z,3,10000,lost
69762,58913,2019-03-14T11:13:38.000Z,3,10000,lost
40773,59779,2018-10-08T08:48:54.000Z,3,10000,lost
62414,60978,2019-02-12T14:43:33.000Z,1,10000,lost
62994,62239,2019-02-15T08:34:20.000Z,2,10000,lost
72248,63783,2019-03-26T10:47:04.000Z,5,10000,lost
62488,61633,2019-02-12T18:43:48.000Z,3,10000,lost
64936,64288,2019-02-22T20:30:27.000Z,3,10000,lost
72236,61242,2019-03-26T10:21:08.000Z,3,10000,open
68147,56591,2019-03-07T16:28:35.000Z,3,10000,lost
66056,53790,2019-02-27T10:10:54.000Z,5,10000,lost
70115,61322,2019-03-15T20:18:05.000Z,5,3000,lost
64325,59496,2019-02-20T15:26:22.000Z,3,10000,won
67411,63431,2019-03-05T08:05:54.000Z,2,6500,won
67980,58433,2019-03-07T09:33:16.000Z,4,10000,lost
79134,63431,2019-04-29T14:07:58.000Z,2,10000,lost
76933,59849,2019-04-15T15:18:29.000Z,4,10000,lost
66488,63200,2019-02-28T16:43:54.000Z,4,10000,lost
65552,62449,2019-02-25T17:05:20.000Z,2,3000,won
58262,55846,2019-01-23T15:13:08.000Z,2,10000,lost
80781,61466,2019-05-06T12:07:08.000Z,2,10000,lost
63116,61436,2019-02-15T18:50:32.000Z,3,3000,won
82119,54254,2019-05-12T14:44:57.000Z,3,10000,lost
66226,59002,2019-02-27T18:04:35.000Z,5,3000,won
81885,62242,2019-05-10T13:45:53.000Z,3,10000,lost
65858,59661,2019-02-26T15:27:31.000Z,2,10000,lost
67494,63773,2019-03-05T13:09:50.000Z,5,10000,won
59436,58334,2019-01-29T09:00:49.000Z,3,10000,won
57090,54627,2019-01-17T14:32:24.000Z,3,10000,won
65625,61621,2019-02-25T21:01:26.000Z,3,10000,won
66874,61360,2019-03-02T15:24:28.000Z,2,10000,won
94245,63942,2019-06-24T12:06:26.000Z,3,10000,open
88233,63750,2019-06-05T07:15:13.000Z,4,10000,lost
91423,65026,2019-06-14T06:38:58.000Z,4,10000,lost
61442,59238,2019-02-07T09:27:40.000Z,3,10000,won
85053,64669,2019-05-23T14:29:00.000Z,1,10000,won
91211,62239,2019-06-13T13:02:28.000Z,2,10000,lost
77959,58583,2019-04-23T14:24:51.000Z,3,10000,lost
91257,65026,2019-06-13T15:14:45.000Z,4,10000,open
93024,64157,2019-06-19T07:15:24.000Z,5,10000,open
83084,54247,2019-05-16T10:41:58.000Z,3,10000,open
77434,62239,2019-04-18T08:21:56.000Z,2,10000,open
66203,63529,2019-02-27T17:20:46.000Z,3,10000,open
92215,64963,2019-06-17T09:14:04.000Z,5,15000,lost
95280,66208,2019-06-28T06:54:56.000Z,5,10000,open
62580,61934,2019-02-13T09:35:46.000Z,2,3000,won
87864,63200,2019-06-04T08:17:13.000Z,4,10000,open
72030,63439,2019-03-25T14:39:12.000Z,1,6500,won
72009,65932,2019-03-25T13:36:13.000Z,5,10000,open
69232,62117,2019-03-12T10:57:47.000Z,2,10000,won
76448,65031,2019-04-12T16:11:50.000Z,4,10000,open
56831,54368,2019-01-16T13:34:17.000Z,3,3000,won
87920,60518,2019-06-04T10:48:38.000Z,1,10000,open
87995,57875,2019-06-04T13:55:52.000Z,2,10000,open
90371,55204,2019-06-11T10:04:00.000Z,4,10000,lost
92811,64963,2019-06-18T12:46:43.000Z,5,15000,lost
93169,62964,2019-06-19T14:38:08.000Z,3,10000,open
94573,66208,2019-06-25T14:24:19.000Z,5,10000,open
95120,53936,2019-06-27T14:17:12.000Z,3,10000,open
58780,53786,2019-01-25T18:47:37.000Z,5,15000,won
86386,57291,2019-05-28T13:27:14.000Z,2,10000,lost
69740,65775,2019-03-14T09:51:56.000Z,3,10000,won
72226,57141,2019-03-26T09:56:40.000Z,2,10000,lost
64743,63335,2019-02-22T08:22:58.000Z,2,3000,won
61075,60566,2019-02-05T18:17:50.000Z,3,10000,won
73933,61795,2019-04-02T11:21:57.000Z,3,10000,lost
64620,60629,2019-02-21T16:12:10.000Z,2,10000,lost
82536,63247,2019-05-14T09:06:01.000Z,5,10000,lost
73146,61795,2019-03-29T15:31:47.000Z,3,10000,lost
87556,55665,2019-06-03T08:20:13.000Z,3,3900,lost
88232,59260,2019-06-05T07:12:48.000Z,4,10000,lost
61069,59696,2019-02-05T18:03:17.000Z,5,10000,won
88431,64963,2019-06-05T14:38:10.000Z,5,15000,lost
62184,60222,2019-02-11T16:26:18.000Z,1,10000,lost
57102,56181,2019-01-17T15:13:51.000Z,3,10000,lost
62438,58710,2019-02-12T16:12:31.000Z,1,10000,lost
63004,56309,2019-02-15T08:54:16.000Z,1,10000,lost
56326,55243,2019-01-14T15:41:40.000Z,3,10000,lost
65870,63205,2019-02-26T16:03:46.000Z,1,10000,lost
57996,56094,2019-01-22T14:00:53.000Z,3,10000,lost
57817,56404,2019-01-21T18:14:16.000Z,3,10000,lost
57692,59779,2019-01-21T10:29:32.000Z,3,10000,lost
66841,65155,2019-03-02T11:32:58.000Z,2,10000,lost
62562,61809,2019-02-13T08:27:38.000Z,2,10000,lost
59672,55220,2019-01-30T07:49:25.000Z,1,10000,lost
64780,61574,2019-02-22T10:41:46.000Z,5,3000,lost
67561,61547,2019-03-05T16:32:50.000Z,5,10000,open
58790,57777,2019-01-25T19:19:48.000Z,3,10000,lost
59437,58334,2019-01-29T09:01:19.000Z,3,10000,lost
57800,55897,2019-01-21T16:53:36.000Z,5,10000,lost
72770,61228,2019-03-28T08:08:17.000Z,4,10000,lost
58162,56444,2019-01-23T09:27:08.000Z,3,10000,lost
57712,54627,2019-01-21T11:24:37.000Z,5,10000,lost
75680,59890,2019-04-09T16:59:46.000Z,5,10000,lost
59584,57358,2019-01-29T17:47:49.000Z,5,10000,lost
73624,61328,2019-04-01T11:33:12.000Z,3,10000,lost
71067,65679,2019-03-20T14:08:55.000Z,2,10000,lost
71919,58607,2019-03-25T08:56:34.000Z,4,10000,lost
64573,63478,2019-02-21T13:34:00.000Z,1,10000,lost
58170,56370,2019-01-23T09:43:18.000Z,5,10000,lost
66214,64651,2019-02-27T17:40:52.000Z,3,10000,lost
71530,66139,2019-03-22T15:57:18.000Z,2,10000,lost
66854,63253,2019-03-02T12:44:09.000Z,2,10000,lost
58015,57159,2019-01-22T15:22:07.000Z,3,10000,lost
64851,59664,2019-02-22T14:48:50.000Z,2,10000,lost
57101,56181,2019-01-17T15:13:51.000Z,3,10000,lost
63843,55391,2019-02-19T16:11:14.000Z,3,10000,lost
67861,65115,2019-03-06T18:23:39.000Z,5,10000,lost
74443,65939,2019-04-04T09:03:25.000Z,5,10000,lost
65539,59967,2019-02-25T16:26:58.000Z,2,10000,lost
57764,55370,2019-01-21T15:09:58.000Z,3,10000,lost
72929,61596,2019-03-28T15:49:17.000Z,5,10000,lost
72947,62717,2019-03-28T16:40:57.000Z,3,10000,lost
66143,60784,2019-02-27T14:40:24.000Z,3,10000,lost
63613,61213,2019-02-18T18:10:49.000Z,5,10000,lost
65530,63074,2019-02-25T15:53:34.000Z,1,10000,lost
60915,58517,2019-02-05T10:01:36.000Z,3,10000,lost
67830,63773,2019-03-06T16:45:00.000Z,5,10000,lost
72244,63783,2019-03-26T10:39:04.000Z,5,10000,lost
76121,65172,2019-04-11T09:38:06.000Z,5,10000,lost
54319,53818,2019-01-04T10:15:44.000Z,1,10000,won
62183,60222,2019-02-11T16:25:42.000Z,1,0,won
66381,54491,2019-02-28T11:09:27.000Z,3,10000,lost
62566,61446,2019-02-13T08:35:20.000Z,4,10000,lost
84643,57555,2019-05-22T09:41:51.000Z,2,10000,open
71099,64908,2019-03-20T15:59:19.000Z,3,10000,lost
80815,63931,2019-05-06T13:31:48.000Z,1,10000,lost
61083,57691,2019-02-05T18:45:15.000Z,5,3000,won
74471,55425,2019-04-04T10:21:02.000Z,2,10000,lost
75403,65077,2019-04-08T17:31:06.000Z,3,10000,lost
87562,64669,2019-06-03T08:36:26.000Z,1,10000,lost
57785,56660,2019-01-21T16:03:25.000Z,1,10000,won
82788,55665,2019-05-15T08:10:02.000Z,3,3900,lost
77320,62724,2019-04-17T13:50:06.000Z,3,10000,lost
60941,56021,2019-02-05T11:16:23.000Z,2,10000,lost
79759,62687,2019-05-02T10:07:06.000Z,3,6500,won
79750,62225,2019-05-02T09:51:39.000Z,2,10000,lost
60020,55204,2019-01-31T13:32:15.000Z,4,10000,lost
71101,60786,2019-03-20T16:02:33.000Z,2,10000,lost
55789,55410,2019-01-11T13:57:20.000Z,3,3000,won
66732,62445,2019-03-01T17:04:24.000Z,3,10000,won
64867,59340,2019-02-22T15:51:16.000Z,3,3000,won
66248,64252,2019-02-27T19:35:15.000Z,3,5000,won
88763,56616,2019-06-06T10:28:17.000Z,3,10000,lost
71058,62225,2019-03-20T13:40:00.000Z,2,10000,won
66164,61278,2019-02-27T15:29:48.000Z,3,10000,lost
91529,57875,2019-06-14T14:13:20.000Z,2,10000,lost
71130,65376,2019-03-20T18:08:19.000Z,3,10000,open
82126,61958,2019-05-12T15:12:02.000Z,3,10000,won
82126,65803,2019-05-12T15:12:02.000Z,3,10000,won
61856,56757,2019-02-09T16:10:26.000Z,2,10000,won
92865,56757,2019-06-18T15:28:39.000Z,2,10000,open
82655,55425,2019-05-14T15:13:49.000Z,2,10000,open
86345,66085,2019-05-28T11:30:24.000Z,1,10000,open
58708,57451,2019-01-25T13:11:38.000Z,2,10000,won
66402,62675,2019-02-28T12:36:10.000Z,2,9000,won
63786,61389,2019-02-19T11:47:46.000Z,2,15000,won
58743,56417,2019-01-25T15:42:27.000Z,1,10000,won
58451,57737,2019-01-24T10:16:29.000Z,1,10000,won
71065,62815,2019-03-20T14:02:30.000Z,3,6500,won
59713,55549,2019-01-30T10:44:01.000Z,2,3000,won
73564,63479,2019-04-01T08:37:26.000Z,4,10000,open
66169,65804,2019-02-27T15:39:32.000Z,3,10000,won
71560,62665,2019-03-22T18:28:01.000Z,3,10000,won
71937,63668,2019-03-25T09:46:17.000Z,2,10000,won
91256,65026,2019-06-13T15:14:44.000Z,4,10000,open
94153,63942,2019-06-24T08:17:18.000Z,2,10000,open
70750,57239,2019-03-19T10:09:04.000Z,2,3000,won
82913,55948,2019-05-15T15:11:04.000Z,5,10000,open
88380,63247,2019-06-05T12:26:40.000Z,5,10000,open
90745,60672,2019-06-12T09:03:12.000Z,4,10000,open
95008,56484,2019-06-27T08:03:06.000Z,3,10000,open
96340,65215,2019-07-02T07:44:28.000Z,4,10000,open
59489,54917,2019-01-29T12:04:20.000Z,2,10000,lost
74353,62665,2019-04-03T18:22:58.000Z,3,10000,lost
67735,60383,2019-03-06T11:09:00.000Z,1,10000,lost
65408,62408,2019-02-25T09:14:45.000Z,3,10000,lost
71066,65679,2019-03-20T14:04:24.000Z,2,10000,lost
69546,65930,2019-03-13T14:22:17.000Z,3,10000,lost
58485,56992,2019-01-24T11:52:41.000Z,2,10000,lost
61475,60423,2019-02-07T11:31:36.000Z,3,10000,lost
60975,58084,2019-02-05T13:27:45.000Z,2,10000,lost
62988,58023,2019-02-15T08:10:19.000Z,1,10000,lost
63852,60025,2019-02-19T18:07:00.000Z,2,10000,lost
58795,55897,2019-01-25T19:39:05.000Z,5,10000,lost
75824,56726,2019-04-10T08:07:22.000Z,3,10000,lost
62209,59902,2019-02-11T17:33:45.000Z,5,10000,lost
71499,63365,2019-03-22T13:51:27.000Z,1,10000,lost
68116,66273,2019-03-07T14:59:48.000Z,1,10000,lost
73133,64367,2019-03-29T14:38:47.000Z,2,10000,lost
65840,63478,2019-02-26T14:27:07.000Z,1,10000,lost
63012,56884,2019-02-15T09:35:37.000Z,3,10000,lost
66238,61436,2019-02-27T18:59:00.000Z,3,10000,lost
62697,54393,2019-02-13T17:52:48.000Z,5,10000,lost
76004,65151,2019-04-10T17:09:48.000Z,4,6500,lost
66225,63889,2019-02-27T17:59:16.000Z,5,10000,lost
69341,64516,2019-03-12T16:08:54.000Z,3,10000,lost
57349,53874,2019-01-18T20:40:23.000Z,3,10000,lost
62202,60222,2019-02-11T17:15:40.000Z,1,10000,lost
72029,64508,2019-03-25T14:37:18.000Z,5,10000,lost
74312,57759,2019-04-03T15:49:28.000Z,4,3000,lost
67866,65115,2019-03-06T18:29:09.000Z,5,10000,lost
65716,64617,2019-02-26T09:34:26.000Z,2,10000,lost
64501,60253,2019-02-21T09:46:10.000Z,3,10000,lost
77493,65694,2019-04-18T13:50:15.000Z,5,6500,lost
67731,62830,2019-03-06T11:03:58.000Z,4,10000,lost
66464,63302,2019-02-28T15:44:07.000Z,4,10000,lost
82509,65151,2019-05-14T07:56:59.000Z,4,6500,lost
60778,59972,2019-02-04T15:32:23.000Z,2,10000,lost
77447,62687,2019-04-18T09:08:50.000Z,3,10000,lost
81290,65835,2019-05-08T09:55:19.000Z,5,10000,lost
80812,62717,2019-05-06T13:25:45.000Z,3,10000,lost
80982,60900,2019-05-07T07:44:41.000Z,2,10000,lost
77951,63569,2019-04-23T13:27:51.000Z,3,10000,lost
67833,60629,2019-03-06T16:55:07.000Z,2,10000,lost
85250,56808,2019-05-24T09:37:09.000Z,1,10000,lost
87994,57875,2019-06-04T13:55:52.000Z,2,10000,lost
66737,62392,2019-03-01T17:11:15.000Z,3,1300,won
62210,59902,2019-02-11T17:39:36.000Z,5,10000,lost
72610,63622,2019-03-27T15:14:10.000Z,2,10000,lost
66510,58970,2019-02-28T17:51:47.000Z,5,10000,lost
57590,55787,2019-01-20T18:13:13.000Z,2,10000,lost
57931,56757,2019-01-22T09:47:44.000Z,2,10000,lost
69550,63507,2019-03-13T14:41:17.000Z,3,10000,lost
64512,56404,2019-02-21T10:25:07.000Z,3,10000,lost
69761,58913,2019-03-14T11:13:38.000Z,3,10000,lost
62180,60383,2019-02-11T16:21:47.000Z,1,10000,lost
62913,57875,2019-02-14T17:41:28.000Z,2,10000,lost
68104,64157,2019-03-07T14:25:05.000Z,2,10000,lost
65951,64894,2019-02-26T20:02:46.000Z,3,10000,lost
71554,64995,2019-03-22T18:03:42.000Z,3,10000,lost
74025,61596,2019-04-02T16:00:15.000Z,5,10000,lost
72200,63200,2019-03-26T08:20:16.000Z,4,10000,lost
69777,65029,2019-03-14T11:58:57.000Z,3,10000,lost
76116,64793,2019-04-11T09:13:42.000Z,5,10000,lost
72928,61596,2019-03-28T15:45:15.000Z,5,10000,lost
76851,64963,2019-04-15T10:56:40.000Z,5,10000,lost
62196,56254,2019-02-11T16:56:49.000Z,4,3000,lost
83367,66247,2019-05-17T08:41:17.000Z,3,10000,lost
81659,59371,2019-05-09T14:41:53.000Z,3,10000,lost
64935,64288,2019-02-22T20:29:43.000Z,3,3000,won
80976,61559,2019-05-07T07:26:56.000Z,2,10000,lost
84959,62096,2019-05-23T08:17:41.000Z,2,10000,lost
88766,66280,2019-06-06T10:33:20.000Z,5,10000,lost
77226,65172,2019-04-17T07:40:07.000Z,5,10000,lost
84749,63095,2019-05-22T14:38:13.000Z,2,10000,open
87605,61559,2019-06-03T10:29:55.000Z,2,10000,lost
74203,63356,2019-04-03T10:31:28.000Z,2,0,won
68884,55704,2019-03-11T10:36:05.000Z,1,10000,won
88734,56616,2019-06-06T09:03:47.000Z,3,10000,lost
63570,61155,2019-02-18T15:58:47.000Z,3,10000,won
60275,57233,2019-02-01T15:02:03.000Z,2,10000,won
87857,59104,2019-06-04T08:07:36.000Z,1,10000,lost
69855,60599,2019-03-14T16:37:44.000Z,1,10000,won
58666,56096,2019-01-25T09:27:15.000Z,2,3000,won
70568,63664,2019-03-18T15:10:44.000Z,3,3000,won
59452,57018,2019-01-29T09:41:27.000Z,5,10000,won
66235,63042,2019-02-27T18:49:53.000Z,3,10000,won
56217,54896,2019-01-14T08:08:12.000Z,3,10000,won
74766,61925,2019-04-05T09:19:09.000Z,2,15000,won
90535,65694,2019-06-11T15:50:03.000Z,5,10000,lost
68149,66115,2019-03-07T16:30:41.000Z,2,10000,won
58318,55465,2019-01-23T17:35:25.000Z,3,15000,won
66156,62939,2019-02-27T15:08:48.000Z,1,3000,won
88733,56616,2019-06-06T09:03:47.000Z,3,10000,open
59342,59054,2019-01-28T18:13:30.000Z,2,6000,won
74533,65624,2019-04-04T13:05:23.000Z,4,15000,open
86319,63942,2019-05-28T09:55:55.000Z,3,10000,open
88857,66208,2019-06-06T14:50:43.000Z,5,10000,lost
87990,58104,2019-06-04T13:42:45.000Z,1,10000,open
88505,59371,2019-06-05T17:18:44.000Z,3,10000,open
88867,65932,2019-06-06T14:57:50.000Z,5,10000,lost
92736,60786,2019-06-18T08:54:49.000Z,1,10000,open
72582,59663,2019-03-27T13:30:20.000Z,1,10000,open
92825,64963,2019-06-18T13:36:42.000Z,5,15000,lost
93025,64157,2019-06-19T07:16:35.000Z,4,10000,open
94244,63942,2019-06-24T12:06:25.000Z,3,10000,open
95035,60672,2019-06-27T09:06:29.000Z,4,10000,open
95123,65215,2019-06-27T14:22:30.000Z,4,10000,open